{"k_factor": 9.883849805085031, "hfa": 83.72444478910195}