{"k_factor": 9.877236207666767, "hfa": 83.69111684713485}