{"k_factor": 13.699191055537884, "hfa": 64.02540434782087}