{"Denver": 1541.7133380914952, "Los Angeles": 1489.4572807951092, "Golden State": 1524.915949394038, "Phoenix": 1502.223126982525, "Indiana": 1513.3031160599814, "Washington": 1476.010294678002, "Charlotte": 1486.5879295826526, "Atlanta": 1516.3658713239704, "Orlando": 1499.1328209059939, "Houston": 1503.659917222347, "New York": 1508.9207508224902, "Boston": 1527.8879643671748, "Toronto": 1501.383957321585, "Minnesota": 1517.5531251968134, "Miami": 1494.8842756595382, "Detroit": 1461.7566784156977, "Brooklyn": 1500.6234971593865, "Cleveland": 1488.1818992814763, "Memphis": 1462.1447231711827, "New Orleans": 1499.8082643312432, "Chicago": 1480.247332349515, "Oklahoma City": 1508.9407990528782, "Utah": 1468.6805916299384, "Sacramento": 1494.1347289359785, "San Antonio": 1488.6499264484728, "Dallas": 1531.9494927724559, "LA": 1486.0393957592582, "Portland": 1488.277732746855, "Milwaukee": 1509.466933058004, "Philadelphia": 1527.0982864839407}