{"schema_version": 4, "feature_order": ["elo_diff_hfa", "net_rating_diff", "rest_diff", "b2b_home", "b2b_away", "form_diff", "player_strength_diff", "availability_diff", "market_logit"], "n_features": 9, "hfa": 83.69111684713485, "k_factor": 9.877236207666767, "temperature": 1.0, "calibration": {"method": "isotonic", "x": [0.07752751736467324, 0.13690336414880566, 0.13785785082575586, 0.20737209352683014, 0.20799824292618277, 0.2400290706596502, 0.24028033811849786, 0.24153321753924512, 0.24191428227642853, 0.2533658732755566, 0.2537367986610332, 0.25527119253684327, 0.25588625206904503, 0.318627907124872, 0.3186381905790181, 0.34065547237381943, 0.3407329686631422, 0.36257115056744754, 0.3626893632568479, 0.3628110409968239, 0.36292141817965373, 0.4111610928430354, 0.41123188541613304, 0.4170660098434246, 0.41730040167912674, 0.4853874956036427, 0.48554132192828137, 0.48781153222918894, 0.4878771591936092, 0.49187264533267094, 0.49188518429206896, 0.4929427952978474, 0.49308049091606354, 0.5156767871433163, 0.5157584627625255, 0.540711181869397, 0.5408978668840989, 0.5669737714243757, 0.5669902094568504, 0.6229124662216657, 0.6230468178663338, 0.6717843514357122, 0.6718379444216598, 0.6832926751474624, 0.6834771436619932, 0.6873465763829119, 0.6875705444627529, 0.7370550974804627, 0.7371413666203817, 0.7753012408328852, 0.775330216750155, 0.7857254716627198, 0.7857296421873113, 0.8664683809866909, 0.8665015322471794, 0.910290314326166, 0.9104087436096566, 0.9138306779765228, 0.9152340341208872, 0.9327431290061872, 0.9328249565132323, 0.9502110888632438, 0.9508624662415461, 0.9722190674129043], "y": [0.0, 0.0, 0.1348314606741573, 0.1348314606741573, 0.15315315315315314, 0.15315315315315314, 0.16666666666666666, 0.16666666666666666, 0.21621621621621623, 0.21621621621621623, 0.25, 0.25, 0.28174603174603174, 0.28174603174603174, 0.3157894736842105, 0.3157894736842105, 0.3263157894736842, 0.3263157894736842, 0.3333333333333333, 0.3333333333333333, 0.35269709543568467, 0.35269709543568467, 0.4, 0.4, 0.40305010893246185, 0.40305010893246185, 0.4117647058823529, 0.4117647058823529, 0.47368421052631576, 0.47368421052631576, 0.5, 0.5, 0.5212121212121211, 0.5212121212121211, 0.5449438202247192, 0.5449438202247192, 0.5617977528089889, 0.5617977528089889, 0.5848563968668408, 0.5848563968668408, 0.5910165484633569, 0.5910165484633569, 0.6237623762376238, 0.6237623762376238, 0.6363636363636364, 0.6363636363636364, 0.6666666666666666, 0.6666666666666666, 0.6949685534591195, 0.6949685534591195, 0.7619047619047619, 0.7619047619047619, 0.8111510791366906, 0.8111510791366906, 0.8577405857740585, 0.8577405857740585, 0.875, 0.875, 0.9107142857142857, 0.9107142857142857, 0.9523809523809523, 0.9523809523809523, 1.0, 1.0]}, "mov_enabled": true, "carry": 0.75, "gap_days": 90, "form_window": 10}