{"schema_version": 4, "feature_order": ["elo_diff_hfa", "net_rating_diff", "rest_diff", "b2b_home", "b2b_away", "form_diff", "player_strength_diff", "availability_diff", "market_logit"], "n_features": 9, "hfa": 83.72444478910195, "k_factor": 9.883849805085031, "temperature": 1.0, "calibration": {"method": "isotonic", "x": [0.1118075529491826, 0.14384933657198196, 0.14571132520807617, 0.19414011488577362, 0.19453387796719748, 0.2472239786984028, 0.2473347686747459, 0.28729540097589346, 0.2874800948140108, 0.33317372448235805, 0.3331998709861965, 0.3462454158440559, 0.3464053586992082, 0.3464988947588662, 0.34737357634450117, 0.40819961007254996, 0.4083562490280587, 0.4497162482194284, 0.4498516951049256, 0.477537935917991, 0.47775908847077, 0.48078161523739166, 0.48092713158903366, 0.4860328313875225, 0.4861799420788926, 0.49022744247274214, 0.49035765822252914, 0.5029197220598202, 0.5030308099370211, 0.5130766762213856, 0.5131257296106422, 0.5474722256240061, 0.5474752795132984, 0.5486105563396282, 0.5488116447959546, 0.5607066819878639, 0.5607807211079412, 0.5661838048791479, 0.5662178213782993, 0.6507384562829703, 0.6509679213148427, 0.6655119462637049, 0.6656896850734033, 0.6701336264590012, 0.6705865252832399, 0.686166630125078, 0.6862710397782459, 0.7429652302667206, 0.7429911358124041, 0.7514474025059206, 0.7515447555854904, 0.762147576444771, 0.7621599004662493, 0.7830696576041559, 0.7831338001450674, 0.7952685165658797, 0.7954165783433718, 0.797566701252113, 0.7975902454374988, 0.8321612051436513, 0.832162027257322, 0.8854916156853718, 0.8856983340153843, 0.894172522853314, 0.8943871771529965, 0.8960955077427911, 0.8961333236861548, 0.8987056779366451, 0.8989425428315178, 0.9214592225362739, 0.9233956943154578, 0.95375165203729, 0.9563749276860718, 0.9632698872594907], "y": [0.0, 0.0, 0.027777777777777776, 0.027777777777777776, 0.14285714285714285, 0.14285714285714285, 0.2066115702479339, 0.2066115702479339, 0.2543352601156069, 0.2543352601156069, 0.3103448275862069, 0.3103448275862069, 0.3333333333333333, 0.3333333333333333, 0.3356401384083045, 0.3356401384083045, 0.3977272727272727, 0.3977272727272727, 0.41509433962264153, 0.41509433962264153, 0.42105263157894735, 0.42105263157894735, 0.43902439024390244, 0.43902439024390244, 0.45161290322580644, 0.45161290322580644, 0.46, 0.46, 0.46788990825688076, 0.46788990825688076, 0.4842105263157895, 0.4842105263157895, 0.5, 0.5, 0.5263157894736842, 0.5263157894736842, 0.5423728813559321, 0.5423728813559321, 0.5681544028950544, 0.5681544028950544, 0.5726495726495726, 0.5726495726495726, 0.6111111111111112, 0.6111111111111112, 0.6451612903225806, 0.6451612903225806, 0.6659877800407332, 0.6659877800407332, 0.68, 0.68, 0.7375, 0.7375, 0.7386363636363636, 0.7386363636363636, 0.7549019607843137, 0.7549019607843137, 0.8, 0.8, 0.8058252427184466, 0.8058252427184466, 0.820855614973262, 0.820855614973262, 0.8378378378378378, 0.8378378378378378, 0.8571428571428571, 0.8571428571428571, 0.875, 0.875, 0.8867924528301887, 0.8867924528301887, 0.96, 0.96, 1.0, 1.0]}, "mov_enabled": true, "carry": 0.75, "gap_days": 90, "form_window": 10}